product_id	name	sku	url
500	USB Cable (A-Micro)	228-2785	https://www.vexrobotics.com/228-2785.html
565	Rubber Shaft Collar (30-Pack)	228-3510	https://www.vexrobotics.com/228-3510.html
912	Rubber Link (4-pack)	275-1029	https://www.vexrobotics.com/275-1029.html
923	Drive Shaft Bar Lock (8-pack)	275-1065	https://www.vexrobotics.com/275-1065.html
937	1 x 25 Steel Bar (8-pack)	275-1141	https://www.vexrobotics.com/275-1141.html
955	Adhesive Foam	275-1254	https://www.vexrobotics.com/275-1254.html
956	Hook & Loop Adhesive Strip (5')	275-1257	https://www.vexrobotics.com/275-1257.html
957	Cinch Strap (5-pack)	275-1258	https://www.vexrobotics.com/275-1258.html
958	Hook & Loop Strap (5')	275-1259	https://www.vexrobotics.com/275-1259.html
961	Latex Tubing (10')	275-1262	https://www.vexrobotics.com/275-1262.html
962	Hinge (2-pack)	275-1272	https://www.vexrobotics.com/275-1272.html
1014	15 x 30 Base Plate (2-pack)	276-1341	https://www.vexrobotics.com/276-1341.html
1038	Intake Roller (8-pack)	276-1499	https://www.vexrobotics.com/276-1499.html
1042	Winch and Pulley Kit	276-1546	https://www.vexrobotics.com/276-1546.html
1050	Coiled Handset Cable	276-1602	https://www.vexrobotics.com/276-1602.html
1063	VEXnet Joystick Power Adapter	276-1701	https://www.vexrobotics.com/276-1701.html
1070	Shaft Coupler (5-pack)	276-1843	https://www.vexrobotics.com/276-1843.html
1092	Robot AA Battery Holder	276-2036	https://www.vexrobotics.com/276-2036.html
1093	Advanced Mechanics and Motion Kit	276-2045	https://www.vexrobotics.com/276-2045.html
1095	Line Tracker (3-pack)	276-2154	https://www.vexrobotics.com/276-2154.html
1098	Light Sensor	276-2158	https://www.vexrobotics.com/276-2158.html
1099	Bumper Switch (2-pack)	276-2159	https://www.vexrobotics.com/276-2159.html
1100	Metal & Hardware Kit	276-2161	https://www.vexrobotics.com/276-2161.html
1109	Competition Cortex Wire Retaining Clips	276-2173	https://www.vexrobotics.com/276-2173.html
1110	Limit Switch (2-pack)	276-2174	https://www.vexrobotics.com/276-2174.html
1111	VEX Safety Glasses	276-2175	https://www.vexrobotics.com/276-2175.html
1112	LED Indicator Pack	276-2176	https://www.vexrobotics.com/276-2176.html
1119	Programming Hardware Kit	276-2186	https://www.vexrobotics.com/276-2186.html
1122	Motor Controller 29	276-2193	https://www.vexrobotics.com/276-2193.html
1125	Flashlight	276-2210	https://www.vexrobotics.com/276-2210.html
1129	Tank Tread Upgrade Kit	276-2214	https://www.vexrobotics.com/276-2214.html
1133	Battery Strap (2-pack)	276-2219	https://www.vexrobotics.com/276-2219.html
1134	Booster Kit	276-2232	https://www.vexrobotics.com/276-2232.html
1141	Power Expander	276-2271	https://www.vexrobotics.com/276-2271.html
1152	Analog Accelerometer V1.0	276-2332	https://www.vexrobotics.com/276-2332.html
1172	VEX V5 Competition Qualifying Event Trophy Pack	276-7462	https://www.vexrobotics.com/276-7463.html
1177	Universal Joint (5-pack)	276-2723	https://www.vexrobotics.com/276-2723.html
1185	Robotics Engineering Notebook	276-3023	https://www.vexrobotics.com/276-3023.html
1196	Battery Extension Cable	276-3442	https://www.vexrobotics.com/276-3442.html
1213	License Plate Alphabet Sticker Sheet	276-3937	https://www.vexrobotics.com/276-3937.html
1214	VEX V5 Competition License Plate Kit	276-3938	https://www.vexrobotics.com/276-3938.html
1217	Battery Clip (4-pack)	276-4042	https://www.vexrobotics.com/276-4042.html
1219	Extension Cable Retaining Clip (10-pack)	276-4128	https://www.vexrobotics.com/276-4128.html
1226	Linear Motion Additional Truck Kit	276-4489	https://www.vexrobotics.com/276-4489.html
1295	Rubber Bands	rubber-bands	https://www.vexrobotics.com/rubber-bands.html
1300	Aluminum Structure	aluminum-kits	https://www.vexrobotics.com/aluminum-kits.html
1301	C-Channels (8-sizes)	CHAN-G	https://www.vexrobotics.com/channel.html
1304	Plates (2-sizes)	PLATE-G	https://www.vexrobotics.com/plates.html
1306	Gussets	gussets	https://www.vexrobotics.com/gussets.html
1308	#8-32 Nuts (4-choices)	NUT-G	https://www.vexrobotics.com/nuts-8-32.html
1309	#8-32 Couplers (2-sizes)	COUPLER-G	https://www.vexrobotics.com/couplers-8-32.html
1310	Advanced Gearbox Brackets	advanced-gearbox-brackets	https://www.vexrobotics.com/advanced-gearbox-brackets.html
1311	EDR 393 Motors & Servos	cortex-393	https://www.vexrobotics.com/393-motors.html
1313	Gears	gears	https://www.vexrobotics.com/gears.html
1315	High Strength Sprockets & Chain	hs-sprockets-and-chain	https://www.vexrobotics.com/hs-sprockets-and-chain.html
1321	Tools	Tools-G	https://www.vexrobotics.com/tools.html
1322	Zip Ties	zip-ties-g	https://www.vexrobotics.com/zip-ties.html
1323	Anti-Slip Mat (2-types)	MAT-G	https://www.vexrobotics.com/mat-g.html
1381	Drive Shafts	drive-shafts	https://www.vexrobotics.com/drive-shafts.html
1382	High Strength Shafts & Hardware	hs-hardware	https://www.vexrobotics.com/hs-hardware.html
1383	Batteries & Chargers	batteries-and-chargers	https://www.vexrobotics.com/batteries-and-chargers.html
1390	Extension Cables	extensioncables	https://www.vexrobotics.com/extension-cables.html
1404	VEX V5 Competition Championship Event Trophy Pack	276-7528	https://www.vexrobotics.com/276-7528.html
1515	VEX Robotics Competition Patch	LettermanPatches	https://www.vexrobotics.com/lettermanpatches.html
1516	On-Field Robot Expansion Sizing Tool	276-5942	https://www.vexrobotics.com/276-5942.html
1703	V5 Robot Brain	276-4810	https://www.vexrobotics.com/276-4810.html
1704	V5 Robot Battery Li-Ion 1100mAh	276-4811	https://www.vexrobotics.com/276-4811.html
1706	V5 Controller	276-4820	https://www.vexrobotics.com/276-4820.html
1707	V5 Robot Radio	276-4831	https://www.vexrobotics.com/276-4831.html
1710	Bumper Switch v2 (2-pack)	276-4858	https://www.vexrobotics.com/276-4858.html
1713	V5 Battery Clip (4-Pack)	276-6020	https://www.vexrobotics.com/276-6020.html
1718	Claw Kit v2	276-6010	https://www.vexrobotics.com/276-6010.html
1735	V5 Robot Battery Charger	v5-battery-charger	https://www.vexrobotics.com/v5-battery-charger.html
1736	Smart Cables and Tools	V5-Smart-Cables	https://www.vexrobotics.com/v5-smart-cables.html
1756	V5 Smart Motor & Gear Cartridges	v5-smart-motor	https://www.vexrobotics.com/276-4840.html
1787	V5 Power Cable Assortment	276-4817	https://www.vexrobotics.com/276-4817.html
1862	Hex Nut Retainers	nut-retainers	https://www.vexrobotics.com/nut-retainers.html
1930	VEX V5 Classroom Starter Bundle	276-7070	https://www.vexrobotics.com/276-7070.html
1931	VEX V5 Classroom Super Bundle	276-7080	https://www.vexrobotics.com/276-7080.html
1956	Linear Motion Kit v2	276-6465	https://www.vexrobotics.com/276-6465.html
1957	Inertial Sensor	276-4855	https://www.vexrobotics.com/276-4855.html
1962	 VEX V5 Robotics Competition Anti-Static Field Tiles	anti-static-tiles	https://www.vexrobotics.com/antistatic-tiles.html
1972	2x2x2x20 Aluminum U-Channel (6-pack)	276-7285	https://www.vexrobotics.com/276-7285.html
2030	3-Wire Expander	276-5299	https://www.vexrobotics.com/276-5299.html
2048	Rotation Sensor	276-6050	https://www.vexrobotics.com/276-6050.html
2049	Distance Sensor	276-4852	https://www.vexrobotics.com/276-4852.html
2050	Optical Sensor	276-7043	https://www.vexrobotics.com/276-7043.html
2120	Shaft Collars	v5-shaft-collars	https://www.vexrobotics.com/v5-shaft-collars.html
2121	High Strength Shaft Collars	hs-shaft-collars	https://www.vexrobotics.com/hs-shaft-collars.html
2123	Bearings	v5-bearings	https://www.vexrobotics.com/v5-bearings.html
2124	Spacers & Washers	spacers-washers	https://www.vexrobotics.com/spacers-washers.html
2177	Past VEX V5 Robotics Competition Game Objects & Kits	past-v5rc-kits	https://www.vexrobotics.com/past-v5rc-kits.html
2241	Smart Field Controller Kit	276-7741	https://www.vexrobotics.com/276-7741.html
2242	Smart Field Controller	276-7577	https://www.vexrobotics.com/276-7577.html
2243	V5 Competition Field Controller Power Cable	276-7581	https://www.vexrobotics.com/276-7581.html
2244	V5 Competition Field Controller Cables (4-Pack)	276-7740	https://www.vexrobotics.com/276-7740.html
2269	Screws	Screws	https://www.vexrobotics.com/all-screws.html
2291	Rubber Bumper (12-Pack)	276-7499	https://www.vexrobotics.com/276-7499.html
2293	Turntable Bearing Kit V2	276-5652	https://www.vexrobotics.com/276-5652.html
2295	Potentiometer V2 (2-Pack)	276-7417	https://www.vexrobotics.com/276-7417.html
2297	Smart Motor (5.5W)	276-4842	https://www.vexrobotics.com/276-4842.html
2305	V5 GPS Sensor	276-7405	https://www.vexrobotics.com/276-7405.html
2307	VEX Portable Competition Field Perimeter	276-8242	https://www.vexrobotics.com/276-8242.html
2344	VEX Structure	v5-structure	https://www.vexrobotics.com/v5-structure.html
2355	Angles	angles	https://www.vexrobotics.com/angles.html
2369	VEX V5 System Bundle	v5-system-bundle	https://www.vexrobotics.com/v5-system-bundle.html
2370	VEX V5 Classroom Starter Kit	v5-classroom-starter-kit	https://www.vexrobotics.com/v5-classroom-starter-kit.html
2371	VEX V5 Classroom Super Kit	v5-classroom-super-kit	https://www.vexrobotics.com/v5-classroom-super-kit.html
2372	VEX V5 Competition Starter Kit	v5-competition-starter-kit	https://www.vexrobotics.com/v5-competition-starter-kit.html
2373	VEX V5 Competition Super Kit	v5-competition-super-kit	https://www.vexrobotics.com/v5-competition-super-kit.html
2392	Wheels	v5-wheels	https://www.vexrobotics.com/wheels.html
2410	Tank Tread Kit	276-6558	https://www.vexrobotics.com/276-6558.html
2439	VEX V5 Robotics Competition Tile Bag	276-8217	https://www.vexrobotics.com/276-8217.html
2472	VEXcode VR	vexcode-vr	https://www.vexrobotics.com/vexcode-vr.html
2479	6P Sprockets	6p-sprockets	https://www.vexrobotics.com/6p-sprockets.html
2498	Sprockets	v5-sprockets	https://www.vexrobotics.com/v5-sprockets.html
2502	Bumper Switch 6N (2-pack)	276-8010	https://www.vexrobotics.com/276-8010.html
2543	PET Sheet Variety Pack	276-8340	https://www.vexrobotics.com/276-8340.html
2544	Standoff Retainers	standoff-retainers	https://www.vexrobotics.com/standoff-retainers.html
2561	VEX V5 Competition Trophies and Award Plates	VRC Trophies and Award Plates	https://www.vexrobotics.com/vrc-trophy.html
2563	#8-32 Standoffs (11-choices)	standoffs	https://www.vexrobotics.com/standoffs-8-32.html
2566	V5 Flywheel Weight (2-pack)	276-8794	https://www.vexrobotics.com/276-8794.html
2582	Step Drill Bit	276-8365	https://www.vexrobotics.com/276-8365.html
2584	V5 Clawbot Structure (Aluminum)	276-6240	https://www.vexrobotics.com/276-6240.html
2622	V5 Pneumatics Kit	276-8750	https://www.vexrobotics.com/276-8750.html
2631	Capped Shafts	capped-shaft	https://www.vexrobotics.com/capped-shafts.html
2632	VEX AI Robotics Competition "Push Back" Kit	276-8983	https://www.vexrobotics.com/276-8983.html
4667	Motor Controller 55	270-8996	https://www.vexrobotics.com/270-8996.html
4670	AI Vision Sensor	276-8659	https://www.vexrobotics.com/276-8659.html
4672	VEX PD+ All-Access	vexpd	https://www.vexrobotics.com/vexpd.html
4686	VEX V5 Robotics Competition Field Element Plates (4 Pack)	276-9091	https://www.vexrobotics.com/276-9091.html
4698	Spare V5 Pneumatics Parts	spare-v5-pneumatics	https://www.vexrobotics.com/spare-pneumatics.html
4763	VEXnet Server	210-8909	https://www.vexrobotics.com/210-8909.html
4890	Compression Wheel 4-Pack Kits	compression-wheels	https://www.vexrobotics.com/compression-wheels.html
4892	2026-27 VEX V5 Competition "Override" Full Game & Field Element Kit	26-27-game-kit	https://www.vexrobotics.com/276-9250.html
4894	2026-27 VEX V5 Robotics Competition "Override" Scoring Element Kit	276-9255	https://www.vexrobotics.com/276-9255.html
